Nom de l'entreprise;Catégorie;Téléphone;Email de contact;Tous les emails;Site Web;Note (/5);Nombre d'avis;Adresse complète;Latitude;Longitude;Instagram;LinkedIn;Facebook;Twitter / X;Lien Google Maps
And Vision Agency;Agence de marketing;77 751 55 63;contact@andvisionagency.com;contact@andvisionagency.com;https://andvisionagency.com/;5,0;41;115 Av. Blaise Diagne, Dakar;14.6761927;-17.4447717;https://instagram.com/andvisionagency;https://www.linkedin.com/company/andvisionagency/?viewAsMember=true;https://www.facebook.com/andvisionagency;https://twitter.com/andvisionagency;https://www.google.com/maps/place/And+Vision+Agency/data=!4m7!3m6!1s0xec1731a7907c991:0xe310a90fd5ff0b98!8m2!3d14.6761927!4d-17.4447717!16s%2Fg%2F11tsv8m727!19sChIJkckHeRpzwQ4RmAv_1Q-pEOM?authuser=0&hl=fr&g_ep=EgoyMDI2MDkyOS4wIJJjKgBIAVAD&rclk=1
3W - Agence digitale;Agence de marketing;33 824 73 73;;;https://3w.agency/;4,6;48;Immeuble Granite, Rue 1, Dakar;14.6925629;-17.4583599;https://www.instagram.com/3Wagence/;;https://www.facebook.com/3Wagence;https://twitter.com/3wagence;https://www.google.com/maps/place/3W+-+Agence+digitale/data=!4m7!3m6!1s0xec172a1692d22e3:0xc62e65b0815e2162!8m2!3d14.6925629!4d-17.4583599!16s%2Fg%2F11dymchr2p!19sChIJ4yItaaFywQ4RYiFegbBlLsY?authuser=0&hl=fr&g_ep=EgoyMDI2MDkyOS4wIJJjKgBIAVAD&rclk=1
Eyaidn Company;Agence de marketing;77 855 67 67;hello@eyaidncompany.com;hello@eyaidncompany.com;https://www.eyaidn.com/;4,9;141;221, Dakar 21125;14.7100973;-17.4601596;https://www.instagram.com/eyaidncompany/;https://sn.linkedin.com/company/eyaid-n-company;https://www.facebook.com/eyaidncompany/;https://x.com/eyaidnc?s=21;https://www.google.com/maps/place/Eyaidn+Company/data=!4m7!3m6!1s0xec1738ca66e61b3:0xb872519c6928e5dc!8m2!3d14.7100973!4d-17.4601596!16s%2Fg%2F11y3mk_5tv!19sChIJs2FupoxzwQ4R3OUoaZxRcrg?authuser=0&hl=fr&g_ep=EgoyMDI2MDkyOS4wIJJjKgBIAVAD&rclk=1
Afriweb;Agence de marketing;78 454 05 05;;;https://afriweb.sn/;5,0;39;Dakar;14.715258;-17.4668196;https://www.instagram.com/afriweb.sn/;https://www.linkedin.com/company/afriweb/;https://www.facebook.com/afriweb.sn;;https://www.google.com/maps/place/Afriweb/data=!4m7!3m6!1s0xec1730a04fe1573:0x7d9d5ff07f8f56bf!8m2!3d14.715258!4d-17.4668196!16s%2Fg%2F11n007r8cl!19sChIJcxX-BApzwQ4Rv1aPf_BfnX0?authuser=0&hl=fr&g_ep=EgoyMDI2MDkyOS4wIJJjKgBIAVAD&rclk=1
Interaktive;Agence de marketing;78 302 30 30;;;http://www.2bi.sn/;4,1;47;Villa N° 78, Dakar;14.7278788;-17.4696842;;;;;https://www.google.com/maps/place/Interaktive/data=!4m7!3m6!1s0xec172b4e5156729:0x6d1ee536063b1db9!8m2!3d14.7278788!4d-17.4696842!16s%2Fg%2F11ddwxpw69!19sChIJKWcV5bRywQ4RuR07BjblHm0?authuser=0&hl=fr&g_ep=EgoyMDI2MDkyOS4wIJJjKgBIAVAD&rclk=1
Matrix Digital;Agence de marketing;77 505 70 59;;;https://matrix-sn.com/;4,7;35;Amitie 3, Dakar 11000;14.7040597;-17.4646752;https://www.instagram.com/matrix_digital_marketing/;https://www.linkedin.com/in/matrix-digital-8966a1363/;https://www.facebook.com/profile.php?id=61562956917954;https://x.com/Matrix_Digitale;https://www.google.com/maps/place/Matrix+Digital/data=!4m7!3m6!1s0xa244fcb4807e8f27:0xed63607f6acd0bdf!8m2!3d14.7040597!4d-17.4646752!16s%2Fg%2F11w9xqz5fs!19sChIJJ49-gLT8RKIR3wvNan9gY-0?authuser=0&hl=fr&g_ep=EgoyMDI2MDkyOS4wIJJjKgBIAVAD&rclk=1
Digismile Agency;Agence de publicité;33 827 38 34;aminata@exemple.com;aminata@exemple.com;https://digismileagency.com/;4,8;22;H33 Scat Urbam, GY-205, Dakar 11500;14.7400549;-17.4590403;https://www.instagram.com/digismileagency;https://linkedin.com/company/digismileagency;https://facebook.com/digismileagency;https://x.com/digismileagency;https://www.google.com/maps/place/Digismile+Agency/data=!4m7!3m6!1s0xec10d462a2583a9:0x5a40933d4fcb223b!8m2!3d14.7400549!4d-17.4590403!16s%2Fg%2F11gdt_rr_g!19sChIJqYMlKkYNwQ4ROyLLTz2TQFo?authuser=0&hl=fr&g_ep=EgoyMDI2MDkyOS4wIJJjKgBIAVAD&rclk=1
Impact Group Digital Sénégal;Agence de marketing;76 431 55 50;;;;5,0;2;Dakar 12000;14.6822;-17.450951;;;;;https://www.google.com/maps/place/Impact+Group+Digital+S%C3%A9n%C3%A9gal/data=!4m7!3m6!1s0x844cb8db60702e31:0xa6abf3e1c2f8e50d!8m2!3d14.6822!4d-17.450951!16s%2Fg%2F11xyk0wz2c!19sChIJMS5wYNu4TIQRDeX4wuHzq6Y?authuser=0&hl=fr&g_ep=EgoyMDI2MDkyOS4wIJJjKgBIAVAD&rclk=1
NOISY DIGITAL;Service de marketing Internet;77 267 27 02;;;http://noisydigital.com/;5,0;10;derrière Hypermarché Exclusive, N°70 Aéroport Yoff, Dakar 11320;14.7518831;-17.4888398;http://instagram.com/senegaldigital/;https://www.linkedin.com/company/noisydigital/;https://www.facebook.com/noisydigital/;https://twitter.com/NoisyDigital;https://www.google.com/maps/place/NOISY+DIGITAL/data=!4m7!3m6!1s0xec10d52669202cb:0xc5e5491d32b608b2!8m2!3d14.7518831!4d-17.4888398!16s%2Fg%2F11gbkvyzhj!19sChIJywKSZlINwQ4Rsgi2Mh1J5cU?authuser=0&hl=fr&g_ep=EgoyMDI2MDkyOS4wIJJjKgBIAVAD&rclk=1
Graphica;Agence de publicité;33 821 94 12;graphica@graphica.sn;graphica@graphica.sn;https://www.graphica.sn/;4,9;39;129 Rue Mousse Diop, Dakar 22000;14.6669173;-17.43493;https://www.instagram.com/graphicasenegal/;https://www.linkedin.com/company/graphica-dakar/;https://www.facebook.com/graphicasenegal/;;https://www.google.com/maps/place/Graphica/data=!4m7!3m6!1s0xec1724aee9d613f:0xc92ea6615331392c!8m2!3d14.6669173!4d-17.43493!16s%2Fg%2F11b706ywq9!19sChIJP2Gd7kpywQ4RLDkxU2GmLsk?authuser=0&hl=fr&g_ep=EgoyMDI2MDkyOS4wIJJjKgBIAVAD&rclk=1
SenMarketing DIGITAL;Agence de marketing;78 682 95 25;;;https://senmarketing.net/;4,0;17;Cité Keur Damel, 112, Dakar 14000;14.7504805;-17.4565653;;https://www.linkedin.com/company/senmarketing-digital/;https://facebook.com/senmarketing;https://twitter.com/SenMarketing;https://www.google.com/maps/place/SenMarketing+DIGITAL/data=!4m7!3m6!1s0xec10c8aae24d7ef:0x86604bb65b16488c!8m2!3d14.7504805!4d-17.4565653!16s%2Fg%2F1ptwnbd_j!19sChIJ79ckrooMwQ4RjEgWW7ZLYIY?authuser=0&hl=fr&g_ep=EgoyMDI2MDkyOS4wIJJjKgBIAVAD&rclk=1
Usine Digitale;Agence de marketing;33 868 13 65;admim@usinedigitale.biz;admim@usinedigitale.biz, hvxgula27@qqhbl.pjo, johndoe88@gmail.com;https://usinedigitale.biz/;4,7;6;Almadies lot 106 Résidende Kastelle dakar, 12000;14.7446027;-17.5253583;;;;;https://www.google.com/maps/place/Usine+Digitale/data=!4m7!3m6!1s0xec1139f0880fe5b:0xfa4bdd4e1b1158cb!8m2!3d14.7446027!4d-17.5253583!16s%2Fg%2F11h92r7xnq!19sChIJW_6ACJ8TwQ4Ry1gRG07dS_o?authuser=0&hl=fr&g_ep=EgoyMDI2MDkyOS4wIJJjKgBIAVAD&rclk=1
Coumba Communication;Agence de marketing;77 870 84 18;contact@coumbacommunication.com;contact@coumbacommunication.com;https://coumbacommunication.com/;4,7;33;Dakar 12000;14.7546994;-17.4911465;https://www.instagram.com/coumbacommunication/;https://www.linkedin.com/company/coumba-communication/;;;https://www.google.com/maps/place/Coumba+Communication/data=!4m7!3m6!1s0xec10d162adcece9:0x121c5455f4fcce4f!8m2!3d14.7546994!4d-17.4911465!16s%2Fg%2F11ngnz0j23!19sChIJ6ezcKhYNwQ4RT8789FVUHBI?authuser=0&hl=fr&g_ep=EgoyMDI2MDkyOS4wIJJjKgBIAVAD&rclk=1
Gaynako;Agence de marketing;77 588 32 08;;;https://gaynako.com/;4,5;11;Sacré Cœur 3 Lot # 137 - Immeuble après BEM;14.7163137;-17.4668431;;https://www.linkedin.com/company/gaynako;https://www.facebook.com/teamgaynako;;https://www.google.com/maps/place/Gaynako/data=!4m7!3m6!1s0xec173b71e42f587:0x52fbbe7421d3125!8m2!3d14.7163137!4d-17.4668431!16s%2Fg%2F11fmrc0dl6!19sChIJh_VCHrdzwQ4RJTEdQue7LwU?authuser=0&hl=fr&g_ep=EgoyMDI2MDkyOS4wIJJjKgBIAVAD&rclk=1
Digicom Agency;Agence de marketing;77 353 22 99;;;https://www.digi-communication.com/;3,9;13;Villa D-75 Cité Teylium Horizon, Dakar 99000;14.7380599;-17.4740879;https://www.instagram.com/digicomagency/;https://www.linkedin.com/company/digi-communication/posts/?feedView=all;;;https://www.google.com/maps/place/Digicom+Agency/data=!4m7!3m6!1s0xec1724b07d43e0d:0x7fbf07ba01d77682!8m2!3d14.7380599!4d-17.4740879!16s%2Fg%2F11b7qqlshh!19sChIJDT7UB0tywQ4RgnbXAboHv38?authuser=0&hl=fr&g_ep=EgoyMDI2MDkyOS4wIJJjKgBIAVAD&rclk=1
